{
    "Sub": [
        {
            "Num": "0",
            "boby": [
                {
                    "Type": "總計",
                    "TypeCount": [
                        {
                            "Title": "112年總巡查數量",
                            "Count": "4775"
                        },
                        {
                            "Title": "累計月巡查數量",
                            "Count": "55"
                        },
                        {
                            "Title": "已巡查",
                            "color":"red",
                            "Count": "55"
                        },
                        {
                            "Title": "待巡查",
                            "Count": "4166"
                        },
                        {
                            "Title": "未分派",
                            "Count": "526"
                        }
                    ]
                }
            ]
        },
        {
            "Num": "1",
            "boby": [
                {
                    "Type": "河川管理科",
                    "TypeCount": [
                        {
                            "Title": "應巡查總數",
                            "Count": "4775"
                        },
                        {
                            "Title": "已巡查",
                            "Count": "55"
                        },
                        {
                            "Title": "待巡查",
                            "Count": "55"
                        },
                        {
                            "Title": "未分派",
                            "Count": "4166"
                        }
                    ]
                },
                {
                    "Type": "河川工程科",
                    "TypeCount": [
                        {
                            "Title": "應巡查總數",
                            "Count": "4775"
                        },
                        {
                            "Title": "已巡查",
                            "Count": "55"
                        },
                        {
                            "Title": "待巡查",
                            "Count": "55"
                        },
                        {
                            "Title": "未分派",
                            "Count": "4166"
                        }
                    ]
                },
                {
                    "Type": "雨水下水道管理科",
                    "TypeCount": [
                        {
                            "Title": "應巡查總數",
                            "Count": "4775"
                        },
                        {
                            "Title": "已巡查",
                            "Count": "55"
                        },
                        {
                            "Title": "待巡查",
                            "Count": "55"
                        },
                        {
                            "Title": "未分派",
                            "Count": "4166"
                        }
                    ]
                },
                {
                    "Type": "抽水站管理科",
                    "TypeCount": [
                        {
                            "Title": "應巡查總數",
                            "Count": "4775"
                        },
                        {
                            "Title": "已巡查",
                            "Count": "55"
                        },
                        {
                            "Title": "待巡查",
                            "Count": "55"
                        },
                        {
                            "Title": "未分派",
                            "Count": "4166"
                        }
                    ]
                },
                {
                    "Type": "綜合計畫科",
                    "TypeCount": [
                        {
                            "Title": "應巡查總數",
                            "Count": "4775"
                        },
                        {
                            "Title": "已巡查",
                            "Count": "55"
                        },
                        {
                            "Title": "待巡查",
                            "Count": "55"
                        },
                        {
                            "Title": "未分派",
                            "Count": "4166"
                        }
                    ]
                }
            ]
        }
    ]
}